"Pclass","Sex","SibSp","Parch","Embarked","Age_2","Survived"
"3","male","1","0","S","Late Teenager","0"
"3","male","0","0","S","Early Adult","0"
"3","male","0","0","Q","Early Adult","0"
"1","male","0","0","S","Early Elderly","0"
"3","male","3","1","S","Toddler","0"
"3","male","0","0","S","Late Teenager","0"
"3","female","0","0","S","Early Teenager","0"
"3","male","4","1","Q","Toddler","0"
"3","female","1","0","S","Early Adult","0"
"2","male","0","0","S","Early Adult","0"
"3","male","0","0","C","Early Adult","0"
"1","male","3","2","S","Late Teenager","0"
"3","male","0","0","S","Early Adult","0"
"2","male","0","0","S","Old Man","0"
"1","male","1","0","C","Early Adult","0"
"1","male","1","0","S","Late Adult","0"
"3","male","0","0","S","Late Teenager","0"
"3","female","2","0","S","Late Teenager","0"
"3","female","1","0","S","Late Adult","0"
"2","female","1","0","S","Early Adult","0"
"3","male","0","0","C","Early Adult","0"
"3","male","0","0","S","Early Adult","0"
"3","male","2","0","C","Early Adult","0"
"3","female","1","0","S","Late Teenager","0"
"3","male","4","1","S","Child","0"
"3","male","0","0","S","Late Teenager","0"
"1","male","0","1","C","Late Elderly","0"
"3","male","0","0","C","Early Adult","0"
"3","male","5","2","S","Child","0"
"3","male","0","0","C","Late Teenager","0"
"1","male","1","0","S","Late Adult","0"
"3","male","3","2","S","Toddler","0"
"3","male","0","0","S","Late Teenager","0"
"3","male","2","0","S","Old Man","0"
"2","male","0","0","S","Early Adult","0"
"3","female","5","2","S","Early Teenager","0"
"3","male","1","0","C","Old Man","0"
"3","male","0","0","S","Early Adult","0"
"3","male","0","0","S","Early Adult","0"
"3","male","1","3","S","Early Teenager","0"
"3","male","0","0","S","Early Adult","0"
"3","male","0","0","S","Late Teenager","0"
"3","male","0","0","S","Early Adult","0"
"3","male","0","0","S","Late Teenager","0"
"1","male","1","0","S","Old Man","0"
"3","male","0","0","S","Late Elderly","0"
"3","male","0","0","S","Early Adult","0"
"1","male","0","0","C","Old Man","0"
"2","male","1","0","S","Early Adult","0"
"3","female","0","0","S","Early Adult","0"
"3","male","0","0","S","Early Adult","0"
"1","male","0","1","S","Late Teenager","0"
"3","male","0","0","S","Early Adult","0"
"3","male","2","0","S","Late Adult","0"
"3","male","0","0","S","Early Adult","0"
"3","male","0","0","S","Late Adult","0"
"1","male","0","0","S","Early Elderly","0"
"3","male","0","0","S","Late Teenager","0"
"3","female","1","0","S","Late Teenager","0"
"3","female","0","0","C","Old Man","0"
"3","male","0","0","Q","Old Man","0"
"2","male","1","0","S","Early Adult","0"
"1","male","0","1","C","Late Teenager","0"
"3","female","4","2","S","Toddler","0"
"2","male","2","0","S","Late Teenager","0"
"3","male","0","0","S","Early Adult","0"
"2","male","1","0","C","Early Adult","0"
"1","male","0","1","S","Early Elderly","0"
"3","male","0","0","Q","Early Adult","0"
"3","male","0","0","S","Late Adult","0"
"3","male","0","0","C","Early Adult","0"
"3","male","0","0","S","Late Teenager","0"
"3","female","1","0","S","Early Elderly","0"
"2","male","0","0","S","Late Teenager","0"
"3","male","0","0","S","Early Teenager","0"
"1","male","0","0","C","Late Teenager","0"
"3","male","0","0","Q","Late Teenager","0"
"2","male","0","0","S","Late Teenager","0"
"2","male","1","1","S","Late Teenager","0"
"3","female","2","2","S","Child","0"
"2","male","0","2","S","Late Adult","0"
"2","male","0","0","S","Late Adult","0"
"3","male","0","0","S","Early Elderly","0"
"3","male","0","2","S","Late Adult","0"
"3","male","0","0","S","Early Adult","0"
"1","male","0","1","C","Early Elderly","0"
"3","male","0","0","S","Early Adult","0"
"3","male","0","0","S","Early Adult","0"
"3","male","8","2","S","Early Adult","0"
"3","male","0","1","S","Late Adult","0"
"3","male","0","0","S","Old Man","0"
"3","male","0","0","S","Old Man","0"
"3","male","4","1","S","Toddler","0"
"3","female","1","4","S","Late Adult","0"
"1","male","0","0","S","Early Adult","0"
"3","male","0","0","S","Early Adult","0"
"1","male","0","0","S","Late Elderly","0"
"3","male","4","1","Q","Toddler","0"
"3","male","0","0","S","Late Teenager","0"
"1","male","0","0","C","Old Man","0"
"3","male","1","1","S","Late Teenager","0"
"1","female","0","0","C","Early Elderly","0"
"2","male","0","0","S","Early Adult","0"
"3","female","8","2","S","Early Adult","0"
"2","male","0","0","C","Early Adult","0"
"3","male","4","2","S","Child","0"
"1","male","0","0","S","Early Adult","0"
"3","male","1","1","Q","Late Adult","0"
"3","male","0","0","S","Old Man","0"
"2","male","0","0","S","Late Teenager","0"
"3","male","0","0","Q","Early Adult","0"
"3","male","0","1","S","Late Adult","0"
"3","male","0","0","S","Early Adult","0"
"3","male","0","0","S","Early Adult","0"
"3","male","0","0","C","Late Adult","0"
"3","female","0","1","S","Toddler","0"
"3","male","0","0","S","Late Teenager","0"
"3","male","0","0","S","Late Teenager","0"
"2","male","0","0","S","Early Adult","0"
"3","male","1","0","Q","Early Adult","0"
"2","male","1","0","S","Late Adult","0"
"2","male","0","0","S","Early Adult","0"
"3","male","0","0","S","Early Elderly","0"
"3","male","0","0","S","Late Teenager","0"
"2","male","0","0","S","Late Teenager","0"
"3","female","3","1","S","Early Adult","0"
"2","male","0","0","S","Late Elderly","0"
"2","male","0","0","S","Late Teenager","0"
"2","male","1","0","S","Late Adult","0"
"2","male","0","0","S","Early Adult","0"
"2","male","0","0","S","Early Adult","0"
"3","male","0","0","S","Late Teenager","0"
"3","male","0","0","C","Early Adult","0"
"1","male","2","0","Q","Late Adult","0"
"3","female","0","0","S","Late Teenager","0"
"2","male","1","0","S","Early Elderly","0"
"3","male","0","0","S","Early Adult","0"
"3","female","1","1","S","Early Adult","0"
"3","male","1","0","S","Early Adult","0"
"3","female","0","2","S","Late Adult","0"
"3","male","0","0","Q","Early Adult","0"
"1","male","0","0","S","Late Adult","0"
"3","female","0","0","Q","Early Adult","0"
"2","male","0","0","S","Old Man","0"
"3","male","4","1","S","Early Teenager","0"
"1","male","0","0","S","Early Adult","0"
"1","male","0","1","C","Late Adult","0"
"3","female","0","0","S","Late Adult","0"
"2","male","0","0","S","Early Adult","0"
"3","male","4","1","Q","Child","0"
"3","male","0","0","Q","Late Elderly","0"
"3","male","0","0","S","Early Adult","0"
"1","male","0","0","S","Early Adult","0"
"3","male","0","0","S","Late Teenager","0"
"2","male","0","0","C","Old Man","0"
"3","female","0","0","S","Late Teenager","0"
"3","male","0","0","S","Late Teenager","0"
"1","male","0","0","C","Early Adult","0"
"1","female","1","2","S","Toddler","0"
"3","male","0","0","S","Late Teenager","0"
"2","male","1","0","C","Early Adult","0"
"3","male","0","0","S","Early Adult","0"
"2","male","1","1","S","Late Adult","0"
"2","male","0","0","S","Early Elderly","0"
"3","male","0","0","S","Late Teenager","0"
"3","male","0","0","S","Early Adult","0"
"3","male","8","2","S","Early Adult","0"
"3","male","0","0","S","Late Elderly","0"
"1","male","0","0","S","Late Adult","0"
"1","male","0","1","S","Late Adult","0"
"3","male","2","0","S","Early Teenager","0"
"3","male","0","0","S","Early Adult","0"
"1","male","1","0","S","Early Adult","0"
"1","male","0","0","S","Late Adult","0"
"2","male","0","0","S","Early Adult","0"
"2","male","0","0","S","Late Teenager","0"
"2","male","0","0","S","Old Man","0"
"3","male","0","0","S","Late Adult","0"
"3","male","0","0","S","Late Teenager","0"
"1","male","0","0","S","Early Adult","0"
"3","male","1","1","C","Early Teenager","0"
"3","male","1","0","S","Late Teenager","0"
"3","male","0","0","C","Early Adult","0"
"2","female","0","0","S","Late Adult","0"
"3","male","1","4","S","Late Adult","0"
"3","male","0","0","S","Early Adult","0"
"3","male","1","0","Q","Early Adult","0"
"3","male","0","0","S","Early Adult","0"
"3","male","1","0","S","Late Teenager","0"
"3","male","0","0","S","Late Teenager","0"
"1","male","0","0","C","Late Teenager","0"
"3","female","3","1","S","Toddler","0"
"1","male","0","2","C","Early Adult","0"
"3","male","0","0","C","Late Teenager","0"
"3","male","0","0","S","Early Adult","0"
"3","male","0","0","S","Early Adult","0"
"2","male","0","0","S","Late Teenager","0"
"3","male","5","2","S","Toddler","0"
"3","male","0","0","Q","Early Adult","0"
"3","male","2","0","S","Early Adult","0"
"3","male","0","0","S","Late Teenager","0"
"3","female","0","0","S","Early Adult","0"
"2","male","0","0","S","Old Man","0"
"2","male","0","0","S","Late Teenager","0"
"3","male","0","0","S","Old Man","0"
"3","male","1","0","S","Early Adult","0"
"3","female","0","0","S","Late Teenager","0"
"2","male","1","0","S","Early Adult","0"
"3","male","0","0","S","Early Elderly","0"
"3","male","0","0","S","Early Adult","0"
"3","male","0","0","Q","Early Adult","0"
"2","male","0","0","S","Early Adult","0"
"3","female","0","2","S","Child","0"
"3","male","0","0","Q","Late Teenager","0"
"3","male","0","0","S","Early Adult","0"
"3","female","1","1","S","Early Adult","0"
"3","male","1","1","S","Late Teenager","0"
"3","male","0","0","S","Early Adult","0"
"3","male","0","0","Q","Early Adult","0"
"3","male","0","0","S","Old Man","0"
"1","male","1","0","S","Early Elderly","0"
"3","female","2","2","S","Late Teenager","0"
"1","male","1","4","S","Late Elderly","0"
"2","male","0","0","S","Early Adult","0"
"3","male","0","0","S","Late Teenager","0"
"3","male","1","0","S","Late Teenager","0"
"2","male","1","2","S","Old Man","0"
"3","male","1","0","S","Early Adult","0"
"1","male","0","0","C","Early Adult","0"
"3","male","0","0","S","Early Adult","0"
"1","male","0","0","S","Late Elderly","0"
"3","male","0","0","Q","Early Adult","0"
"3","male","0","0","S","Early Adult","0"
"1","male","0","0","S","Early Elderly","0"
"2","male","0","0","S","Early Adult","0"
"1","male","0","0","S","Old Man","0"
"3","male","0","0","Q","Early Adult","0"
"3","male","0","0","S","Early Adult","0"
"3","male","0","0","S","Late Adult","0"
"1","male","0","0","S","Early Adult","0"
"2","male","1","0","S","Early Adult","0"
"3","male","0","0","S","Late Teenager","0"
"3","male","5","2","S","Child","0"
"2","male","0","0","S","Early Adult","0"
"3","male","0","0","S","Early Elderly","0"
"3","female","3","1","S","Early Adult","0"
"3","male","0","0","S","Late Teenager","0"
"1","male","0","0","C","Old Man","0"
"3","male","0","0","S","Late Teenager","0"
"3","male","0","0","C","Early Adult","0"
"3","male","0","0","S","Early Adult","0"
"1","female","1","2","S","Late Teenager","0"
"3","male","0","0","S","Old Man","0"
"3","female","0","0","Q","Late Teenager","0"
"3","female","0","0","Q","Early Adult","0"
"3","female","0","0","S","Late Adult","0"
"1","male","1","0","C","Late Teenager","0"
"3","male","0","0","S","Early Adult","0"
"3","male","0","0","S","Late Teenager","0"
"1","male","0","0","S","Early Elderly","0"
"3","male","0","0","Q","Early Adult","0"
"3","male","0","0","S","Early Adult","0"
"3","male","0","0","S","Late Teenager","0"
"3","male","0","0","C","Early Adult","0"
"3","male","0","0","C","Early Adult","0"
"3","male","0","0","Q","Late Adult","0"
"1","male","0","0","S","Early Adult","0"
"2","male","2","1","S","Late Teenager","0"
"3","male","0","0","C","Early Adult","0"
"3","male","1","1","C","Old Man","0"
"1","male","0","0","S","Late Adult","0"
"3","male","0","0","S","Early Adult","0"
"1","male","1","0","C","Early Elderly","0"
"3","male","1","1","S","Early Adult","0"
"3","male","0","0","Q","Early Adult","0"
"1","male","0","0","S","Late Elderly","0"
"1","male","0","0","C","Early Adult","0"
"3","male","0","0","Q","Early Adult","0"
"2","male","0","0","S","Early Adult","0"
"3","male","0","0","S","Early Adult","0"
"3","female","0","0","S","Early Adult","0"
"3","male","2","0","S","Late Teenager","0"
"3","male","0","0","S","Late Teenager","0"
"3","male","0","0","C","Early Adult","0"
"3","male","0","0","S","Early Teenager","0"
"3","male","0","0","S","Late Teenager","0"
"2","male","0","0","S","Early Elderly","0"
"1","male","0","0","C","Old Man","0"
"3","male","0","0","C","Early Adult","0"
"2","male","0","0","S","Early Elderly","0"
"3","male","0","0","S","Late Teenager","0"
"3","male","0","0","S","Early Adult","0"
"3","female","0","2","Q","Early Adult","0"
"2","male","1","0","S","Late Adult","0"
"3","male","1","1","S","Old Man","0"
"3","male","0","0","C","Early Adult","0"
"3","male","0","0","S","Early Adult","0"
"3","male","0","0","S","Late Adult","0"
"3","male","1","0","S","Old Man","0"
"3","male","0","0","S","Early Adult","0"
"3","female","1","5","S","Late Adult","0"
"3","male","0","0","Q","Early Adult","0"
"3","male","0","0","S","Early Adult","0"
"3","male","1","1","S","Early Adult","0"
"3","female","1","0","S","Old Man","0"
"2","male","0","0","S","Old Man","0"
"3","male","0","0","S","Late Teenager","0"
"3","male","0","0","S","Late Teenager","0"
"1","male","0","0","S","Late Elderly","0"
"2","male","0","0","Q","Late Elderly","0"
"3","male","0","0","S","Old Man","0"
"3","male","0","0","Q","Early Adult","0"
"3","male","0","0","S","Early Elderly","0"
"1","male","0","0","S","Early Adult","0"
"3","female","3","2","S","Child","0"
"2","male","1","1","S","Early Adult","0"
"3","female","0","5","S","Late Adult","0"
"3","male","1","0","S","Early Adult","0"
"3","male","0","0","S","Late Teenager","0"
"3","female","3","2","S","Toddler","0"
"3","male","0","0","S","Early Adult","0"
"3","male","0","0","S","Early Adult","0"
"3","female","0","0","Q","Late Teenager","0"
"2","male","2","0","S","Late Teenager","0"
"3","male","0","0","S","Early Adult","0"
"3","female","1","1","Q","Early Adult","0"
"2","male","0","0","S","Late Teenager","0"
"1","male","0","2","C","Late Elderly","0"
"3","male","0","0","C","Late Adult","0"
"1","male","0","0","S","Early Elderly","0"
"3","male","0","0","S","Old Man","0"
"2","male","0","0","S","Late Teenager","0"
"3","male","0","0","S","Early Adult","0"
"3","male","0","0","S","Late Adult","0"
"1","male","1","0","S","Early Adult","0"
"2","male","0","0","S","Early Adult","0"
"3","male","0","0","S","Late Teenager","0"
"3","male","0","0","S","Late Teenager","0"
"3","female","1","6","S","Late Adult","0"
"3","female","0","0","Q","Early Adult","0"
"3","male","0","0","S","Late Teenager","0"
"3","male","5","2","S","Early Teenager","0"
"2","male","1","1","S","Late Elderly","0"
"3","male","0","0","S","Late Teenager","0"
"3","male","0","0","S","Late Teenager","0"
"3","male","0","0","C","Late Teenager","0"
"2","male","0","0","S","Early Elderly","0"
"3","male","0","0","S","Late Adult","0"
"1","male","1","1","C","Early Elderly","0"
"3","male","0","0","S","Late Adult","0"
"3","male","1","0","S","Old Man","0"
"2","male","0","0","S","Late Adult","0"
"1","male","0","0","S","Early Adult","0"
"3","male","0","0","Q","Early Adult","0"
"2","male","0","0","S","Early Adult","0"
"2","male","0","0","S","Early Elderly","0"
"2","male","1","0","S","Late Teenager","0"
"3","female","1","0","S","Late Teenager","0"
"3","male","0","0","C","Child","0"
"2","male","0","0","S","Early Adult","0"
"2","male","0","0","S","Late Teenager","0"
"3","female","1","3","S","Early Elderly","0"
"3","male","0","0","S","Early Adult","0"
"1","male","1","0","S","Old Man","0"
"3","male","1","0","S","Late Teenager","0"
"3","male","1","1","S","Early Teenager","0"
"1","male","1","0","S","Late Teenager","0"
"3","male","0","0","Q","Early Adult","0"
"3","male","0","0","S","Early Adult","0"
"3","male","0","0","S","Late Teenager","0"
"3","male","0","0","S","Early Adult","0"
"2","male","0","0","S","Late Teenager","0"
"3","male","0","0","S","Early Adult","0"
"3","male","0","0","S","Early Adult","0"
"3","male","0","0","S","Early Teenager","0"
"1","male","0","0","C","Early Adult","0"
"3","female","0","0","Q","Early Adult","0"
"3","male","0","0","S","Early Adult","0"
"3","male","0","0","S","Late Teenager","0"
"2","female","0","0","S","Late Elderly","0"
"3","male","0","0","C","Early Adult","0"
"3","male","0","0","S","Late Teenager","0"
"3","male","0","0","Q","Early Adult","0"
"3","male","0","0","Q","Early Adult","0"
"1","male","0","0","S","Early Adult","0"
"3","male","1","2","S","Early Adult","0"
"3","male","0","0","S","Late Teenager","0"
"3","male","0","0","S","Late Teenager","0"
"3","male","4","1","Q","Child","0"
"1","male","0","0","C","Old Man","0"
"3","male","0","0","Q","Early Adult","0"
"2","male","0","0","S","Early Teenager","0"
"3","female","8","2","S","Early Adult","0"
"1","male","0","0","C","Early Adult","0"
"2","male","0","0","S","Late Adult","0"
"3","male","0","0","C","Early Adult","0"
"3","female","1","1","S","Early Adult","0"
"3","male","0","0","S","Early Adult","0"
"1","male","0","0","S","Late Adult","0"
"3","female","0","0","S","Late Teenager","0"
"2","male","0","0","S","Late Adult","0"
"3","male","0","0","S","Old Man","0"
"3","male","0","0","S","Late Adult","0"
"3","female","4","2","S","Child","0"
"2","male","1","1","C","Early Adult","0"
"3","male","3","2","S","Child","0"
"1","male","0","0","S","Late Adult","0"
"3","male","4","1","S","Toddler","0"
"3","male","0","0","S","Early Adult","0"
"3","male","0","0","C","Early Adult","0"
"3","male","0","0","S","Late Teenager","0"
"3","male","0","0","S","Late Teenager","0"
"3","male","0","0","S","Late Teenager","0"
"2","male","0","0","S","Early Teenager","0"
"3","male","0","0","C","Early Adult","0"
"3","male","0","0","S","Old Man","0"
"3","male","0","0","S","Late Adult","0"
"3","male","8","2","S","Early Adult","0"
"3","male","0","0","C","Early Adult","0"
"2","male","0","1","S","Early Adult","0"
"3","male","4","2","S","Toddler","0"
"3","male","0","0","S","Old Man","0"
"3","female","1","1","C","Child","0"
"2","female","1","0","S","Late Adult","0"
"3","male","0","0","C","Early Adult","0"
"2","male","1","0","S","Late Teenager","0"
"3","female","8","2","S","Early Adult","0"
"2","male","0","0","S","Late Teenager","0"
"1","male","0","0","S","Early Adult","0"
"3","male","0","0","S","Old Man","0"
"3","male","0","0","S","Early Elderly","0"
"3","male","0","0","S","Late Teenager","0"
"3","male","0","0","S","Early Adult","0"
"3","male","0","0","S","Early Adult","0"
"3","female","0","0","S","Late Teenager","0"
"2","male","0","0","S","Early Adult","0"
"3","male","0","0","S","Late Teenager","0"
"3","female","0","5","Q","Late Adult","0"
"2","male","0","0","S","Early Adult","0"
"3","female","1","2","S","Early Adult","0"
"3","female","0","0","S","Old Man","1"
"1","female","1","0","S","Early Adult","1"
"3","female","0","2","S","Early Adult","1"
"2","female","1","0","C","Early Teenager","1"
"3","female","1","1","S","Toddler","1"
"1","female","0","0","S","Late Elderly","1"
"2","female","0","0","S","Early Elderly","1"
"2","male","0","0","S","Early Adult","1"
"3","female","0","0","C","Early Adult","1"
"3","female","0","0","Q","Early Teenager","1"
"1","male","0","0","S","Early Adult","1"
"3","female","1","5","S","Late Adult","1"
"1","female","1","0","C","Early Adult","1"
"3","female","0","0","Q","Early Adult","1"
"3","male","0","0","C","Early Adult","1"
"3","female","1","0","C","Early Teenager","1"
"2","female","1","2","C","Toddler","1"
"3","female","0","0","Q","Late Teenager","1"
"3","female","0","0","Q","Early Adult","1"
"1","female","1","0","C","Early Elderly","1"
"2","female","1","0","S","Early Adult","1"
"1","male","0","0","S","Early Adult","1"
"2","female","0","0","S","Late Teenager","1"
"2","female","1","2","S","Toddler","1"
"1","female","0","0","","Late Adult","1"
"3","male","1","1","C","Early Adult","1"
"2","female","0","0","S","Early Adult","1"
"3","female","4","2","S","Old Man","1"
"3","male","0","0","S","Early Adult","1"
"2","male","0","2","S","Toddler","1"
"3","female","0","0","S","Early Adult","1"
"3","male","0","0","S","Early Adult","1"
"3","female","0","0","Q","Early Adult","1"
"2","female","0","0","S","Old Man","1"
"3","female","3","0","S","Early Adult","1"
"1","male","0","1","C","Late Teenager","1"
"2","female","0","1","S","Early Adult","1"
"3","female","0","0","S","Late Teenager","1"
"3","male","0","0","S","Early Adult","1"
"3","female","1","0","Q","Early Adult","1"
"2","female","0","0","S","Early Adult","1"
"3","male","1","0","C","Old Man","1"
"3","female","1","1","C","Early Adult","1"
"2","female","1","0","S","Early Adult","1"
"1","female","0","2","S","Late Teenager","1"
"3","female","0","0","S","Late Teenager","1"
"3","female","1","0","S","Late Teenager","1"
"1","female","1","0","S","Late Teenager","1"
"3","female","0","0","Q","Early Teenager","1"
"2","female","0","0","S","Late Adult","1"
"3","male","0","2","S","Child","1"
"1","female","0","1","S","Early Adult","1"
"3","female","1","1","S","Toddler","1"
"2","male","2","1","S","Toddler","1"
"3","female","0","2","S","Toddler","1"
"3","female","1","0","Q","Early Adult","1"
"1","male","0","0","S","Late Adult","1"
"3","female","1","0","S","Late Teenager","1"
"2","male","1","1","S","Toddler","1"
"1","female","0","0","C","Late Adult","1"
"1","female","0","0","C","Late Elderly","1"
"3","female","0","0","Q","Early Adult","1"
"3","male","0","0","S","Late Teenager","1"
"3","female","0","0","Q","Early Teenager","1"
"1","male","0","0","C","Late Adult","1"
"2","female","0","0","S","Early Adult","1"
"1","female","1","0","C","Early Adult","1"
"3","female","0","0","S","Early Adult","1"
"1","female","0","0","C","Early Adult","1"
"3","male","0","0","S","Early Teenager","1"
"1","male","1","0","S","Late Adult","1"
"2","male","0","0","S","Late Teenager","1"
"1","female","1","0","S","Early Adult","1"
"2","female","0","2","S","Child","1"
"3","female","1","0","Q","Early Adult","1"
"2","female","0","2","S","Late Teenager","1"
"1","male","1","1","S","Late Adult","1"
"1","female","0","0","C","Early Adult","1"
"1","female","0","0","S","Early Adult","1"
"1","female","0","0","C","Early Adult","1"
"2","female","0","1","S","Early Elderly","1"
"3","male","4","2","S","Toddler","1"
"3","male","1","0","S","Late Teenager","1"
"1","female","0","1","S","Late Elderly","1"
"1","female","0","0","S","Early Adult","1"
"3","male","0","0","S","Late Teenager","1"
"2","female","0","1","S","Late Adult","1"
"3","female","0","0","Q","Early Adult","1"
"1","female","1","0","S","Late Elderly","1"
"3","male","0","0","S","Late Teenager","1"
"2","male","0","0","S","Late Adult","1"
"3","female","0","0","Q","Late Teenager","1"
"1","female","0","0","S","Old Man","1"
"1","female","1","0","C","Late Teenager","1"
"1","male","0","0","S","Early Adult","1"
"1","female","0","1","C","Early Elderly","1"
"3","female","0","0","Q","Early Adult","1"
"3","male","2","0","Q","Early Adult","1"
"2","female","0","0","Q","Early Adult","1"
"1","male","1","2","S","Toddler","1"
"1","female","0","0","C","Early Adult","1"
"1","female","0","0","C","Early Adult","1"
"1","female","0","0","C","Late Teenager","1"
"1","female","2","2","C","Late Teenager","1"
"3","female","0","0","S","Old Man","1"
"2","female","1","0","S","Late Teenager","1"
"1","female","0","2","S","Early Adult","1"
"2","female","0","0","Q","Early Adult","1"
"2","female","1","1","S","Late Teenager","1"
"1","female","0","0","C","Old Man","1"
"3","female","1","1","S","Early Adult","1"
"1","female","0","1","C","Early Teenager","1"
"1","female","1","0","S","Early Adult","1"
"3","male","0","0","S","Late Adult","1"
"2","male","1","1","S","Toddler","1"
"1","female","3","2","S","Late Teenager","1"
"2","female","0","0","S","Late Teenager","1"
"2","female","0","0","S","Late Adult","1"
"3","male","1","1","S","Toddler","1"
"1","female","0","1","S","Late Teenager","1"
"3","female","0","0","Q","Early Adult","1"
"1","female","1","0","C","Late Elderly","1"
"3","female","0","0","C","Early Adult","1"
"3","female","0","0","Q","Early Adult","1"
"1","female","0","0","C","Late Teenager","1"
"1","male","1","0","C","Late Teenager","1"
"1","female","1","0","C","Early Adult","1"
"1","female","0","0","C","Late Adult","1"
"1","female","1","0","S","Early Adult","1"
"2","female","0","0","S","Old Man","1"
"2","female","0","0","C","Old Man","1"
"1","male","1","2","S","Old Man","1"
"3","male","0","0","S","Late Teenager","1"
"1","female","1","0","C","Late Teenager","1"
"3","female","0","2","S","Late Teenager","1"
"2","female","0","0","S","Early Adult","1"
"2","male","1","1","S","Toddler","1"
"1","female","1","0","Q","Early Adult","1"
"3","male","0","0","S","Late Adult","1"
"2","female","1","1","S","Early Adult","1"
"2","female","0","2","S","Late Teenager","1"
"2","female","1","0","S","Early Adult","1"
"2","female","0","0","S","Late Teenager","1"
"3","male","0","0","S","Early Adult","1"
"1","male","0","0","S","Early Adult","1"
"3","female","1","0","S","Early Adult","1"
"2","female","1","0","S","Late Adult","1"
"2","female","2","3","S","Late Teenager","1"
"2","female","1","1","S","Late Adult","1"
"2","female","0","0","S","Early Adult","1"
"3","male","0","0","S","Early Adult","1"
"1","male","0","2","S","Toddler","1"
"2","female","0","1","S","Early Teenager","1"
"1","male","0","0","S","Early Elderly","1"
"1","male","1","0","C","Early Elderly","1"
"3","male","0","0","C","Early Adult","1"
"1","male","0","0","S","Early Elderly","1"
"3","female","2","1","C","Toddler","1"
"2","female","1","2","S","Early Adult","1"
"2","female","0","0","C","Late Teenager","1"
"3","female","0","1","S","Toddler","1"
"3","female","0","0","S","Late Elderly","1"
"1","male","1","0","C","Late Teenager","1"
"1","female","1","0","S","Early Adult","1"
"3","male","1","1","S","Child","1"
"1","female","0","0","S","Early Teenager","1"
"2","female","0","2","S","Early Adult","1"
"1","male","0","0","S","Early Adult","1"
"3","male","0","0","Q","Early Adult","1"
"1","female","1","0","C","Early Elderly","1"
"1","female","0","0","S","Early Adult","1"
"1","female","0","1","C","Late Adult","1"
"2","female","1","1","S","Toddler","1"
"2","female","0","2","S","Child","1"
"1","female","0","0","C","Early Adult","1"
"2","male","1","0","S","Early Adult","1"
"2","female","1","0","S","Late Teenager","1"
"2","male","0","0","C","Early Adult","1"
"2","male","1","1","S","Child","1"
"3","male","0","0","C","Late Teenager","1"
"1","female","1","0","C","Early Elderly","1"
"1","female","1","1","S","Late Adult","1"
"3","female","1","0","S","Old Man","1"
"1","female","2","0","S","Early Elderly","1"
"1","male","0","0","S","Old Man","1"
"3","female","0","0","Q","Early Adult","1"
"2","female","0","0","S","Early Adult","1"
"1","female","1","1","C","Late Adult","1"
"1","female","0","2","S","Late Teenager","1"
"1","male","1","1","C","Late Elderly","1"
"1","female","1","0","C","Early Elderly","1"
"2","female","0","0","S","Early Adult","1"
"1","male","1","0","C","Early Elderly","1"
"1","male","0","0","C","Early Adult","1"
"1","male","0","0","S","Early Adult","1"
"2","female","1","2","C","Late Teenager","1"
"1","female","0","0","S","Late Adult","1"
"3","female","1","0","Q","Early Adult","1"
"2","female","1","2","S","Late Teenager","1"
"2","female","2","1","S","Toddler","1"
"1","male","1","0","S","Late Adult","1"
"3","male","1","1","C","Late Teenager","1"
"1","male","0","0","S","Old Man","1"
"1","male","0","0","C","Early Adult","1"
"1","female","0","0","C","Late Teenager","1"
"3","male","0","0","S","Early Adult","1"
"3","female","2","1","C","Toddler","1"
"1","male","1","0","C","Early Elderly","1"
"1","male","0","0","C","Old Man","1"
"3","female","0","0","S","Late Teenager","1"
"2","female","0","1","S","Late Teenager","1"
"3","female","0","0","Q","Early Adult","1"
"1","male","2","0","S","Early Elderly","1"
"3","male","1","0","S","Late Teenager","1"
"2","female","1","1","S","Late Adult","1"
"2","male","0","0","S","Early Adult","1"
"3","female","0","0","S","Late Teenager","1"
"1","male","0","1","C","Old Man","1"
"1","male","0","0","C","Early Adult","1"
"1","female","0","1","S","Early Teenager","1"
"3","male","0","0","S","Early Adult","1"
"3","female","0","0","Q","Early Adult","1"
"1","male","0","0","S","Early Adult","1"
"2","female","0","0","S","Late Adult","1"
"1","male","0","0","S","Late Adult","1"
"3","male","1","1","C","Early Adult","1"
"1","male","1","0","S","Early Elderly","1"
"1","female","0","0","C","Late Adult","1"
"2","female","0","0","S","Early Adult","1"
"2","female","0","1","S","Child","1"
"2","female","3","0","S","Early Adult","1"
"3","female","0","0","Q","Early Adult","1"
"1","female","0","0","S","Early Adult","1"
"1","male","0","0","C","Early Adult","1"
"1","female","2","2","C","Late Teenager","1"
"3","male","0","0","S","Early Adult","1"
"2","female","0","0","S","Early Adult","1"
"2","female","1","1","S","Toddler","1"
"2","female","1","2","S","Early Elderly","1"
"2","male","1","1","S","Toddler","1"
"3","male","0","0","C","Late Teenager","1"
"1","female","1","2","S","Old Man","1"
"1","female","1","0","S","Early Elderly","1"
"1","female","0","1","S","Late Adult","1"
"3","female","0","0","C","Early Teenager","1"
"1","female","0","0","S","Early Elderly","1"
"3","female","0","0","S","Early Adult","1"
"2","female","1","1","S","Early Adult","1"
"1","male","1","2","S","Child","1"
"3","male","0","1","C","Toddler","1"
"3","male","0","0","S","Early Adult","1"
"1","female","1","0","S","Early Adult","1"
"1","female","1","1","S","Early Elderly","1"
"3","male","0","0","S","Early Adult","1"
"2","male","0","2","C","Toddler","1"
"3","male","0","0","Q","Early Adult","1"
"1","female","0","0","","Late Elderly","1"
"3","female","1","0","C","Early Teenager","1"
"2","male","1","1","S","Toddler","1"
"3","male","0","0","S","Early Adult","1"
"1","male","0","0","C","Early Adult","1"
"1","female","0","0","C","Early Adult","1"
"1","female","1","0","C","Early Adult","1"
"1","female","0","1","S","Early Teenager","1"
"1","female","1","1","S","Late Adult","1"
"1","male","0","0","S","Early Elderly","1"
"3","female","0","3","C","Late Teenager","1"
"3","male","1","1","S","Toddler","1"
"1","female","1","1","S","Early Elderly","1"
"3","female","0","0","C","Early Teenager","1"
"1","female","0","1","C","Old Man","1"
"2","female","0","1","S","Late Teenager","1"
"1","female","0","0","S","Late Teenager","1"
"1","male","0","0","C","Old Man","1"
"3","male","1","1","C","Late Teenager","1"
"1","female","0","1","C","Early Teenager","1"
"3","male","0","0","S","Early Adult","1"
"2","female","1","0","C","Early Teenager","1"
"3","male","2","0","Q","Early Adult","1"
"2","female","0","0","S","Early Elderly","1"
"3","female","1","0","S","Old Man","1"
"3","female","1","0","S","Early Adult","1"
"3","female","1","0","C","Early Teenager","1"
"3","female","0","0","S","Early Adult","1"
"1","female","1","0","S","Late Teenager","1"
"2","female","0","2","S","Early Adult","1"
"2","female","0","1","S","Late Teenager","1"
"1","female","3","2","S","Late Teenager","1"
"1","female","0","0","S","Old Man","1"
"3","female","2","1","C","Toddler","1"
"3","female","2","1","C","Toddler","1"
"3","male","0","0","S","Early Adult","1"
"2","female","0","1","S","Late Adult","1"
"1","male","0","0","S","Early Adult","1"
"1","male","0","0","S","Early Adult","1"
"1","female","0","1","S","Early Teenager","1"
"3","male","0","0","S","Early Adult","1"
"3","female","0","0","S","Early Adult","1"
"1","female","1","1","S","Late Adult","1"
"1","female","0","0","S","Early Adult","1"
"2","female","0","0","S","Early Elderly","1"
"1","female","1","0","C","Early Elderly","1"
"2","female","2","3","S","Late Teenager","1"
"3","female","0","0","Q","Early Adult","1"
"3","male","0","0","S","Early Adult","1"
"3","female","1","0","S","Late Teenager","1"
"2","female","1","2","C","Late Teenager","1"
"3","female","1","5","S","Late Adult","1"
"3","female","0","0","Q","Early Adult","1"
"3","female","1","0","C","Early Teenager","1"
"2","female","0","0","C","Old Man","1"
"3","male","0","0","S","Late Teenager","1"
"2","female","1","0","S","Early Adult","1"
"3","male","0","0","C","Early Adult","1"
"3","female","0","0","C","Early Teenager","1"
"3","male","1","0","C","Old Man","1"
"2","female","0","0","S","Late Teenager","1"
"1","male","0","0","S","Old Man","1"
"1","male","0","0","S","Early Elderly","1"
"2","male","1","1","S","Toddler","1"
"3","male","0","1","C","Toddler","1"
"3","female","0","2","S","Toddler","1"
"1","female","1","0","C","Early Elderly","1"
"3","male","1","1","C","Early Adult","1"
"1","female","0","0","S","Early Adult","1"
"1","female","1","0","S","Late Teenager","1"
"2","male","0","2","C","Toddler","1"
"2","female","0","0","S","Late Adult","1"
"2","female","0","1","S","Early Adult","1"
"3","female","0","0","Q","Early Adult","1"
"1","male","0","0","C","Early Adult","1"
"3","female","1","0","S","Early Adult","1"
"2","male","0","0","S","Late Adult","1"
"2","male","0","0","S","Late Teenager","1"
"1","male","0","0","C","Early Adult","1"
"2","female","1","0","S","Late Adult","1"
"3","male","0","0","S","Early Adult","1"
"1","male","0","0","C","Early Adult","1"
"3","female","0","0","S","Early Adult","1"
"3","female","0","0","Q","Early Adult","1"
"1","male","0","0","S","Early Adult","1"
"1","female","1","1","S","Late Adult","1"
"1","female","1","0","C","Early Elderly","1"
"2","female","0","1","S","Child","1"
"1","male","0","1","C","Old Man","1"
"2","male","0","0","S","Early Adult","1"
"2","female","0","1","S","Late Teenager","1"
"3","male","1","1","C","Late Teenager","1"
"3","male","1","1","S","Toddler","1"
"1","male","1","2","S","Toddler","1"
"1","male","1","0","S","Late Adult","1"
"1","male","1","0","S","Late Adult","1"
"2","female","1","1","S","Late Adult","1"
"3","male","0","0","S","Early Adult","1"
"1","male","1","0","C","Early Elderly","1"
"2","female","0","1","S","Late Teenager","1"
"3","male","4","2","S","Toddler","1"
"2","female","0","0","S","Early Adult","1"
"1","female","0","0","S","Late Adult","1"
"3","female","2","1","C","Toddler","1"
"3","female","0","0","S","Late Teenager","1"
"2","female","1","2","S","Late Teenager","1"
"2","female","1","0","S","Late Teenager","1"
"1","female","0","0","C","Late Adult","1"
"2","female","0","0","S","Old Man","1"
"3","male","0","0","S","Late Adult","1"
"3","female","1","0","S","Late Teenager","1"
"3","male","0","0","S","Late Adult","1"
"3","female","0","0","S","Old Man","1"
"3","male","1","1","C","Late Teenager","1"
"1","female","0","0","C","Late Teenager","1"
"3","female","0","0","Q","Early Adult","1"
"1","female","1","1","S","Early Elderly","1"
"1","male","1","2","S","Toddler","1"
"3","male","0","1","C","Toddler","1"
"1","female","1","0","C","Early Elderly","1"
"3","female","0","0","Q","Early Teenager","1"
"3","female","2","1","C","Toddler","1"
"3","male","0","0","C","Early Adult","1"
"2","male","0","0","C","Early Adult","1"
"1","female","0","0","C","Late Adult","1"
"2","female","0","0","S","Early Adult","1"
"3","female","1","0","S","Late Teenager","1"
"3","female","1","0","S","Old Man","1"
"1","female","0","0","C","Early Adult","1"
"3","female","1","1","S","Toddler","1"
"1","male","0","0","S","Early Adult","1"
"1","female","0","0","C","Late Teenager","1"
"2","female","0","1","S","Late Adult","1"
"1","female","0","0","C","Late Adult","1"
"2","female","0","0","S","Early Adult","1"
"2","female","0","0","S","Early Adult","1"
"2","female","1","0","S","Late Adult","1"
"3","male","0","0","S","Late Adult","1"
"2","female","2","3","S","Late Teenager","1"
"3","male","0","0","C","Early Adult","1"
"3","female","1","0","C","Early Teenager","1"
"3","female","0","2","S","Late Teenager","1"
"1","female","2","0","S","Early Elderly","1"
"3","male","1","1","S","Child","1"
"3","female","0","0","S","Early Adult","1"
"1","male","0","0","C","Early Adult","1"
"3","female","0","0","S","Late Teenager","1"
"1","female","3","2","S","Late Teenager","1"
"1","female","1","0","C","Early Elderly","1"
"3","female","0","0","S","Late Teenager","1"
"1","female","2","0","S","Early Elderly","1"
"3","female","1","1","C","Early Adult","1"
"1","female","0","0","C","Late Elderly","1"
"2","female","0","0","S","Late Adult","1"
"3","female","0","0","Q","Early Adult","1"
"3","female","0","2","S","Early Adult","1"
"3","female","1","1","C","Early Adult","1"
"2","female","2","3","S","Late Teenager","1"
"3","female","0","2","S","Toddler","1"
"1","male","0","0","C","Old Man","1"
"2","male","1","1","S","Toddler","1"
"1","female","1","0","S","Late Teenager","1"
"1","female","1","0","C","Early Elderly","1"
"3","male","0","0","S","Early Adult","1"
"1","female","0","1","S","Early Teenager","1"
"1","female","1","0","C","Early Elderly","1"
"2","female","0","0","S","Early Elderly","1"
"2","female","0","0","S","Early Adult","1"
"3","male","0","0","S","Early Adult","1"
"3","female","0","0","Q","Early Adult","1"
"2","female","1","0","S","Late Teenager","1"
"2","female","0","0","S","Old Man","1"
"1","female","0","0","C","Late Teenager","1"
"1","female","1","1","S","Late Adult","1"
"3","female","1","0","Q","Early Adult","1"
"2","female","1","1","S","Early Adult","1"
"1","female","1","0","S","Early Adult","1"
"2","female","0","1","S","Late Adult","1"
"3","female","1","1","S","Early Adult","1"
"3","female","1","0","S","Old Man","1"
"1","female","0","2","S","Early Adult","1"
"2","female","0","2","S","Late Teenager","1"
"1","female","0","0","C","Late Elderly","1"
"1","male","1","0","C","Early Elderly","1"
